Timestamp,Arbitration ID,DLC,Data,Label
1600000000.000750,5f0,8,1f,c5,e8,19,01,52,a6,05,R
1600000000.002614,5f0,8,cc,e0,63,39,36,f1,e0,dc,R
1600000000.004982,153,8,22,a9,75,d4,7b,00,df,18,R
1600000000.007770,0f4,64,54,2e,1d,35,e0,1d,bb,59,bb,4e,0c,ad,33,a6,1d,2d,47,0b,a5,77,e2,97,d3,47,35,71,bb,72,b3,18,25,96,85,25,37,9b,1a,a6,43,e2,ac,ec,c2,17,b1,a9,93,fa,9d,be,15,44,b8,5b,7b,45,52,3c,5a,a0,fd,62,67,f9,T
1600000000.008073,350,12,75,de,00,c6,e7,89,45,b5,06,7d,a8,b3,R
1600000000.009741,002,64,7c,dd,ec,c2,4d,e8,e6,d2,7f,86,d8,c4,c4,e4,90,c6,0c,e6,d1,a7,30,5c,85,e2,21,cc,fc,38,5e,66,2a,cc,3d,51,c8,79,ed,95,86,98,41,52,ea,5d,c7,cf,1e,35,b6,fe,c0,1d,57,97,81,ae,bf,0c,b9,48,db,93,08,4d,R
1600000000.011556,5f0,8,54,9a,e2,ea,19,10,6b,45,R
1600000000.012822,3e0,48,3a,a6,2d,bf,33,90,89,9c,7d,7d,2d,1e,2a,6a,c6,95,37,1e,68,3c,76,03,7b,38,a7,9c,48,98,a6,9c,54,c1,96,53,e3,a6,85,a3,78,f4,58,c9,6e,a2,f2,28,10,ab,T
1600000000.013894,167,48,00,e3,b4,67,30,53,98,02,4a,d6,de,50,50,11,77,56,93,3a,c1,5d,7d,d9,f2,77,7f,50,47,66,c6,76,10,6c,70,5e,b1,4c,7d,a0,1e,10,2e,cc,d0,95,87,32,23,ac,T
1600000000.016595,260,24,f2,f1,52,12,c9,2d,93,44,4b,eb,9f,53,d0,22,5e,97,21,c0,eb,25,fa,30,53,f2,R
1600000000.018705,5f0,16,74,0c,eb,d6,da,3b,f0,80,54,24,6f,78,ed,58,64,b6,R
1600000000.021016,2a0,32,3a,f0,d6,11,6f,e1,9a,a9,57,f0,43,b8,ce,78,42,9e,84,4b,70,5e,b8,64,b7,a0,24,f3,4f,95,4a,3d,d2,74,R
1600000000.023664,153,24,95,7b,72,06,b8,b3,72,f4,58,95,3c,e6,67,0a,ee,1e,54,4d,79,06,62,b3,43,4e,R
1600000000.025051,329,12,38,f3,18,bf,47,b5,a6,4d,c0,f6,f1,45,R
1600000000.025452,153,64,0f,80,5b,eb,df,b1,ea,cf,a3,6f,f5,9c,6e,6c,a2,86,2b,16,b4,3c,08,cc,7a,2d,db,a6,d2,be,46,cc,d7,fb,46,c7,fb,fe,b2,c1,0f,2c,38,e6,e1,67,0f,fb,c4,62,ee,4a,21,bd,bb,59,69,f5,90,a8,3c,26,86,70,3e,4f,T
1600000000.025839,5f0,12,4d,26,9c,24,58,4c,df,55,00,71,db,7b,R
1600000000.027170,786,16,da,5f,da,c1,8d,09,74,98,09,65,11,a2,b1,10,72,8f,T
1600000000.029255,545,24,3c,ef,77,c9,ac,18,15,b8,bb,ea,f5,ef,d1,8e,a9,c7,6e,7c,b8,44,e8,7a,67,ca,R
1600000000.030970,260,24,09,5d,0b,06,84,e4,73,91,82,8e,b7,49,4e,61,ba,ec,20,af,b5,b1,21,cc,65,ae,R
1600000000.033688,510,16,5c,25,a0,4a,cd,03,3e,5d,3a,a2,1a,f0,9e,58,70,c7,R
1600000000.035411,773,8,ed,41,fe,d6,f0,3c,1f,09,T
1600000000.037376,4b1,12,f6,21,7b,85,78,ed,23,0a,0a,bb,34,83,R
1600000000.037611,545,12,89,6a,fa,63,0b,bc,4b,32,b9,48,01,9e,R
1600000000.039330,43f,12,ed,e0,86,92,3f,3e,af,dc,23,4d,44,47,R
1600000000.041498,164,8,8b,8d,15,77,c7,2c,d3,ac,R
1600000000.043649,316,8,cb,18,e4,d0,19,72,21,c0,R
1600000000.046588,696,8,5e,63,d1,f0,c9,ff,48,b5,T
1600000000.046832,368,8,ee,1d,0e,23,8c,67,5e,6c,T
1600000000.049006,153,12,34,e3,0b,49,a0,0e,6d,5f,26,b4,58,a4,R
1600000000.050926,2a0,64,96,06,e1,42,ee,98,eb,26,5f,59,d9,ed,95,07,75,a7,3d,ac,3c,bb,f5,31,fe,4c,78,4c,ac,19,56,5b,cf,f9,88,12,46,41,f2,2e,e0,65,67,d1,dc,c7,07,0d,f4,d8,6a,a5,96,c0,3c,7f,51,83,fb,50,15,af,94,de,cc,aa,R
1600000000.051866,675,32,6f,7a,0f,f3,fc,f1,8a,7e,65,c3,e9,3d,f6,6b,7d,fb,f0,07,b4,20,82,a3,92,83,96,fe,fd,c1,3e,f4,39,d6,T
1600000000.053632,4b1,32,92,a6,86,9e,e0,25,33,16,da,2b,67,e3,39,6d,d1,fe,4c,a2,aa,97,4e,4a,f9,96,ce,fe,1b,b9,47,7d,95,02,R
1600000000.056529,2a1,32,6c,c9,19,c9,3d,ec,b7,be,3d,f8,93,5c,e5,b5,da,79,f8,ee,04,e0,1f,89,34,4d,b5,8f,f0,8b,86,ea,67,b4,T
1600000000.059507,350,48,38,08,ab,c8,92,04,be,f9,af,71,cc,2e,96,2e,f6,01,6d,fe,35,3a,6b,46,ad,0a,77,34,82,4b,52,79,9e,39,54,0e,71,e4,78,7e,59,2c,44,a0,fe,b3,54,87,75,f6,R
1600000000.060997,76f,16,6e,73,50,26,20,ce,45,52,99,de,d1,89,b6,ca,af,36,T
1600000000.061472,18f,64,95,da,37,c4,91,f5,41,45,73,a1,5c,ae,df,4b,e3,25,60,e0,ef,f8,94,84,4c,4e,71,c1,ba,bc,c2,df,ef,33,95,30,35,a3,39,1b,d7,86,d8,14,c7,af,30,de,6b,31,c0,ab,64,78,77,47,c6,b6,4d,fd,ec,19,d4,29,04,c8,R
1600000000.061745,7fd,64,6b,a1,bb,93,27,5d,a1,4f,ac,cf,ff,17,f4,c2,d5,5a,07,8e,81,c4,27,89,37,b1,7d,95,60,2b,63,1d,44,8e,21,e1,c8,af,50,82,00,af,9d,ed,b1,6e,b0,99,88,68,43,82,96,8b,fb,f5,a0,d5,14,00,97,fa,2a,d8,96,c0,T
1600000000.062588,545,8,70,96,9f,f0,d0,07,d9,8e,R
1600000000.065168,43f,8,e9,56,e3,28,19,3d,46,ac,R
1600000000.067813,2a0,64,51,fa,a3,cf,76,79,64,36,5a,76,7f,49,7f,4a,ec,14,e6,2e,c5,1a,18,da,db,39,69,77,27,57,5c,41,a2,68,72,93,be,00,3f,37,ad,92,6b,9e,51,6f,09,2e,aa,5e,7c,8d,c5,33,98,19,43,77,fe,8f,27,f3,a8,6d,f0,9f,R
1600000000.068097,43f,32,e3,55,76,31,d9,8c,42,7a,58,0d,8f,65,32,91,40,c7,b6,cb,e2,8a,be,7a,71,19,76,34,31,a9,77,42,da,de,R
1600000000.068990,097,48,e5,f6,9a,14,a5,d5,c1,9d,33,fb,86,61,ca,c7,a6,7d,8f,25,7f,09,3c,d5,7a,a3,e4,c0,09,53,37,ec,ae,7d,cf,43,3b,ec,8b,34,93,56,e4,cf,6e,3a,d4,f9,8d,2d,T
1600000000.071303,153,32,89,a8,ad,01,b9,17,1d,3a,f9,a5,12,58,41,5b,62,f3,a8,70,f6,0f,7b,65,d3,e4,58,7d,8e,26,c7,a9,1c,bc,R
1600000000.073130,6fb,16,19,68,9c,93,42,09,ca,6f,c2,b9,6b,c0,df,5a,eb,c6,T
1600000000.074093,153,8,2e,0f,80,c6,b3,23,21,3c,R
1600000000.075419,4de,8,66,4e,a8,69,f8,d8,66,7e,T
1600000000.076051,316,48,dc,17,52,05,4e,67,20,23,f9,bc,01,91,bb,30,6e,3b,23,fc,6f,c3,0d,d9,0c,96,fe,c5,84,15,d7,60,32,5c,9d,71,32,9b,cd,3b,7b,2d,f2,32,b7,e3,f5,8e,31,b4,R
1600000000.078289,43f,8,ab,bc,12,fb,2e,03,8b,64,R
1600000000.079503,2a0,12,e5,9b,cf,a0,80,f8,75,d8,d5,4f,88,35,R
1600000000.081885,545,8,6e,30,dd,2e,33,20,8a,5b,R
1600000000.082990,545,8,15,26,7e,9d,8d,0e,0b,c6,R
1600000000.084644,18f,48,6d,82,25,75,af,dc,8c,df,87,0e,90,d7,d6,5c,6a,03,ac,24,25,06,1f,7a,4d,86,df,a0,28,6b,20,79,8d,34,e3,bc,f0,f1,bb,a8,95,41,db,15,4e,2b,fd,24,d0,0f,R
1600000000.086206,18f,8,66,b8,b6,26,98,1a,18,3c,R
1600000000.087653,329,8,48,16,7d,f2,5a,50,89,df,R
1600000000.090106,260,64,5e,dc,48,07,f6,21,4b,a0,f2,8e,b9,56,44,3b,b4,95,f5,3a,3a,9c,e6,6e,b3,8f,f9,38,85,da,8c,9e,c1,7f,30,c9,f4,a8,d5,e3,25,4e,d9,a1,0e,54,ec,a5,6f,07,63,6b,73,52,ba,a2,74,1a,2b,ec,b3,3c,19,17,b1,06,R
1600000000.091197,0ab,8,57,72,20,e3,57,e5,43,fb,T
1600000000.091593,316,48,d3,73,c2,26,cb,b1,61,e7,03,3e,06,b6,a9,e2,ff,16,98,65,5d,8d,96,ab,58,a6,11,f3,20,75,fe,c6,13,e2,e1,9d,fe,6f,f0,e4,07,12,f0,cb,a0,8e,60,ca,db,06,R
1600000000.094046,15d,8,02,37,64,50,7a,08,8c,8c,T
1600000000.096833,04e,32,31,e4,a5,03,db,11,34,8b,57,4b,fc,62,24,62,5d,27,fb,d6,78,6e,97,b2,3b,0a,e2,49,a7,ce,a7,db,a0,bc,T
1600000000.097497,153,8,fc,53,06,c6,e4,e6,ef,91,R
1600000000.099029,1c6,16,63,c9,fd,83,be,8c,e1,37,70,96,9a,f4,8a,58,c1,87,T
1600000000.101897,2b9,8,24,50,7c,ce,00,c8,42,78,T
1600000000.102493,57f,32,c4,24,4e,1d,93,ad,d9,4e,5f,9f,b2,10,f1,d2,ad,b2,46,8a,6f,22,ff,c5,69,7a,be,11,34,f4,ce,5d,76,7b,T
1600000000.103617,316,8,08,be,33,9a,b9,81,ca,36,R
1600000000.105286,545,64,b5,b8,8e,68,0e,cf,b9,4a,93,a7,52,02,b6,73,6e,ac,43,58,d3,7c,47,70,f5,eb,05,0e,36,df,0f,a9,13,0b,cb,a6,f6,b4,2d,48,f9,a7,40,bf,9e,f7,6b,ca,bd,3c,ef,6f,17,f3,f4,11,1a,82,1c,81,53,65,78,70,9b,c3,R
1600000000.105881,4b1,8,28,d0,d1,a1,22,fd,78,4d,R
1600000000.107278,22e,48,56,70,57,11,5e,8f,f2,4a,a1,0e,95,5e,52,77,a7,49,dc,a9,4d,ae,57,a4,35,72,fc,37,53,a1,3a,e9,7c,fe,ee,2a,47,a9,13,c0,6b,32,66,af,4e,61,4d,65,0f,41,T
1600000000.109152,153,8,44,c8,95,cb,cd,f4,29,9b,R
1600000000.110972,329,8,44,5d,6a,68,4b,2f,da,7c,R
1600000000.113045,316,16,1f,a3,67,5a,fe,19,35,b4,0c,c4,08,cd,08,a7,ad,11,R
1600000000.116030,68d,64,e8,9b,e7,91,78,cc,12,c1,f6,2d,0f,ce,ed,b1,1b,57,18,e0,3c,0c,2d,91,19,1a,f5,f2,5f,e2,e5,7c,53,2c,a4,c2,f2,1c,ce,23,9b,48,19,46,30,07,06,39,b0,34,81,6a,b5,d8,8a,73,1f,48,0b,36,a7,48,25,24,e0,a1,T
1600000000.118630,350,24,53,9b,ed,32,f4,4b,b6,2a,48,4c,aa,36,f7,44,e8,5f,7d,b3,84,7c,a8,c9,4a,f8,R
1600000000.120717,68d,8,a3,24,7c,71,12,f6,68,43,T
1600000000.122950,791,64,4a,f8,c4,7c,f6,0b,86,7a,c0,19,6e,4c,33,1f,12,5f,75,55,a5,cd,f2,ef,6b,11,12,f0,ee,e4,42,ad,eb,7a,53,6e,9b,e0,6f,0e,0f,1c,30,ff,bb,e2,ca,5d,a8,ff,ef,66,00,ba,99,b2,d2,e7,29,31,30,b3,e1,85,96,6a,T
1600000000.123692,2a0,12,3d,c2,f5,f1,6b,b6,50,d1,15,01,c8,e2,R
1600000000.126402,350,48,fc,fd,dc,3c,57,72,ba,b4,4e,78,42,5d,7b,7a,53,62,5b,ab,3e,34,15,c5,97,51,74,41,68,62,92,f4,56,2b,0d,6d,14,7d,ac,25,63,f2,d1,66,8d,ad,ac,b7,70,a1,R
1600000000.128771,43f,24,4f,3d,95,66,d9,ba,e5,78,89,d7,57,39,6d,e3,ce,91,3d,51,2b,e7,9a,f0,59,49,R
1600000000.131495,316,24,9c,b2,3e,6a,5b,1e,34,f9,b2,bf,78,47,98,7a,86,2b,0f,db,ac,7f,f3,7d,ba,23,R
1600000000.133516,510,12,13,44,39,9d,72,3d,54,72,4b,f8,e3,74,R
1600000000.136146,4b1,12,d2,94,4e,3a,a0,6d,61,5c,75,e8,36,e4,R
1600000000.136702,43f,24,db,8a,fc,16,19,d2,ae,a8,2f,f4,34,b5,3e,11,d8,34,b3,e1,86,4c,ed,10,8a,17,R
1600000000.138781,545,24,23,3a,6d,33,33,94,0d,8c,65,1f,96,87,fe,10,d6,22,31,4e,69,ea,58,8d,19,83,R
1600000000.139697,505,16,ab,a3,72,ef,e8,62,cf,4d,f7,c3,68,89,9c,87,ea,cf,T
1600000000.142361,69e,48,4b,be,41,8e,2a,81,b9,1e,d8,5e,aa,60,87,3c,e2,91,a7,69,0b,2d,a9,15,8c,4a,58,26,ce,09,8f,dd,e0,03,13,ff,ae,f4,02,39,d1,54,d7,8d,29,fe,17,51,3b,69,T
1600000000.144011,350,24,99,a7,0f,5c,c0,c1,62,28,52,a1,73,6e,51,9e,88,93,e7,15,f7,5f,40,59,23,da,R
1600000000.145793,153,64,c3,aa,79,b6,27,ad,a2,73,1d,ba,e6,cb,74,6a,b7,e8,93,53,cc,79,8e,fa,bd,88,14,04,46,ae,10,64,00,80,24,31,85,b4,ef,6a,4b,6b,da,9d,07,86,21,62,6f,13,f9,00,c1,9c,c1,8a,c3,18,23,d9,c5,6d,fc,17,27,26,R
1600000000.148276,510,16,5b,61,b8,67,96,e1,dd,25,b3,9f,da,d2,cb,66,09,5f,R
1600000000.150733,164,24,de,4a,ff,9d,ec,fe,7d,21,21,fe,7c,85,f8,6e,58,a3,5d,cf,04,ba,d8,b2,c8,e5,R
1600000000.151485,4b1,12,29,9a,cb,74,9d,32,67,3d,c6,ae,02,f1,R
1600000000.153260,316,32,61,b1,e5,ed,02,38,60,00,db,65,39,76,f1,14,27,4e,d5,3d,ad,55,9c,c2,e4,24,84,95,72,1c,f3,5e,7a,39,R
1600000000.155205,475,8,ff,31,d4,d4,be,f4,f0,96,T
1600000000.157799,545,16,4f,dc,7e,a5,ca,8c,30,41,31,9c,fa,c9,6f,61,7d,f6,R
1600000000.160152,036,32,f9,33,bd,ca,ae,36,36,eb,c9,ee,d1,e6,41,76,1b,d8,3f,2a,94,9c,67,02,b5,98,2e,c3,35,5c,d7,a2,c8,4b,T
1600000000.162617,65b,48,03,d1,e8,d9,a1,c2,fe,12,b5,07,d7,48,54,db,9c,7c,ca,06,16,b6,ed,ff,2c,b2,ff,7f,01,1a,2a,17,25,8b,3c,47,77,7e,11,8d,90,3c,3d,99,7a,97,61,7b,b8,dd,T
1600000000.162881,153,24,8c,15,43,8a,00,79,a3,4d,7c,0e,ab,4b,09,8b,0f,66,cd,10,9b,7b,f8,9f,38,6e,R
1600000000.163854,18f,48,2b,01,29,6c,9f,46,54,10,17,2e,3f,8e,f6,b8,2c,bf,cd,23,6f,cb,ef,35,2e,63,5f,8c,9b,a3,78,93,d4,6b,46,58,f1,fe,42,aa,26,80,11,a9,32,0e,e1,ba,0e,a6,R
1600000000.164595,18f,12,07,03,d8,3d,08,f2,55,37,ad,07,65,7f,R
1600000000.166062,18f,12,86,60,44,a3,ee,48,2d,84,f8,da,bb,02,R
1600000000.167852,545,8,d3,ff,40,77,6c,5e,b6,d4,R
1600000000.170550,442,8,e2,0f,7b,16,22,d7,9e,d5,T
1600000000.171419,2ba,64,d9,fd,04,96,50,b2,d4,d7,6a,b7,8a,90,7b,2b,1b,e2,45,c7,18,fc,00,0d,ae,99,eb,2b,e9,ed,5e,21,28,c3,50,10,da,ea,6e,d7,e7,2e,3a,d5,3f,80,94,93,9a,90,0f,e0,11,27,a9,89,6d,11,bc,1b,2a,40,80,e9,39,52,T
1600000000.173232,33e,48,10,4b,cb,53,49,c8,62,6d,5b,ba,2c,72,3b,c1,ff,f9,98,1c,7b,0c,be,f7,49,f1,f5,cb,2b,3d,80,59,c2,51,7e,02,e2,a1,ba,9a,5b,0d,b4,03,d6,35,c4,4c,a2,09,T
1600000000.174199,316,8,a2,f6,fd,c3,47,f5,64,ae,R
1600000000.175228,510,12,d8,a2,60,7e,8e,c6,74,9c,5d,75,a8,50,R
1600000000.177996,002,8,cf,bc,f8,95,7c,e8,77,87,R
1600000000.180302,545,12,ef,a8,45,1e,aa,47,34,57,57,bb,51,37,R
1600000000.183222,177,64,55,07,07,93,3a,bd,c8,32,f3,88,f4,7b,e7,e8,08,7f,93,e8,d3,e4,f1,98,5e,c2,f6,55,b4,98,d4,5e,cf,27,1f,9e,ca,a5,f4,47,1c,f7,8a,a6,e6,2e,2a,bc,93,36,fa,d7,69,1e,bf,7f,c1,3f,91,47,4d,02,b0,4c,09,92,T
1600000000.183928,260,12,fa,82,78,b4,ce,40,92,cd,19,aa,6d,77,R
1600000000.186515,2a0,48,30,94,e5,67,5b,f3,99,4b,50,a4,90,a9,1e,19,7a,5d,46,00,f1,ac,b1,bf,73,af,3b,eb,bb,fd,30,48,df,80,1e,e8,44,14,c6,aa,bd,0a,6e,cd,81,7f,81,9f,ad,fe,R
1600000000.187510,6d7,64,ef,6c,87,ce,fe,1e,3e,88,3d,22,af,4c,4e,6f,54,40,2d,3e,a2,ff,d3,4c,12,c7,c2,ed,7d,21,6f,ea,80,60,79,e9,6f,1b,fd,33,37,57,39,e2,7d,54,ef,d8,a0,39,80,28,c7,e6,29,6b,dd,8e,61,f1,05,09,e3,0f,6c,82,T
1600000000.188194,002,48,d5,d0,ef,9c,96,9e,b5,e0,4a,d0,3b,09,cc,11,5c,d9,6f,3f,2c,d8,a4,30,65,6b,58,30,e4,a9,19,6a,70,bd,2c,ae,38,1b,8e,57,94,ab,a9,07,3a,41,2f,82,43,fe,R
1600000000.190958,5f0,32,59,14,2d,92,87,1c,34,dc,03,82,b3,14,d7,c3,c8,1b,8e,31,da,22,5f,41,80,06,b6,bb,b1,29,96,13,87,0c,R
1600000000.191184,545,16,cc,1b,0e,a6,37,78,3e,7f,b6,2b,84,92,fc,b0,1c,98,R
1600000000.192564,164,12,0c,0a,4b,50,5e,cd,11,a2,0f,41,5c,1b,R
1600000000.193286,18f,48,fd,49,59,a9,86,3b,38,4a,aa,a8,8c,de,d9,93,d6,b1,e6,5a,fe,20,2b,7b,15,b5,e9,c4,8f,37,92,e8,53,8c,c4,02,f8,9b,c1,d9,a8,af,89,1b,f3,50,25,28,e0,07,R
1600000000.194498,545,16,17,26,ea,ad,2a,92,1a,a1,cb,5b,21,a6,52,c6,f6,84,R
1600000000.196888,510,8,1d,28,9f,9e,81,7d,69,ad,R
1600000000.198725,482,64,f7,3c,a2,70,bf,c7,2c,26,56,5a,b2,d6,3f,df,ba,0d,a9,05,14,a2,79,23,14,a3,dd,ef,0b,6b,1f,fe,53,4b,bb,85,e0,6e,e4,d0,95,23,e8,8a,85,26,32,16,f4,44,69,85,57,c0,b5,db,57,6b,25,ac,41,2d,c5,13,3d,1a,T
1600000000.199721,316,24,cb,5c,05,f2,23,09,11,ab,3b,2a,21,33,51,c0,ab,55,97,97,82,a9,ca,07,d6,5b,R
1600000000.202562,0dd,8,34,da,95,91,24,71,4d,a4,T
1600000000.204026,510,8,57,73,d5,92,fe,84,0a,f6,R
1600000000.204807,4ba,32,62,bb,83,1f,36,9d,13,e8,b9,43,6d,15,e3,80,24,5c,d4,bf,1d,55,af,e8,4e,ff,c8,ab,97,9d,da,f1,26,fb,T
1600000000.207522,18f,8,64,fb,f2,c9,0b,67,91,44,R
1600000000.208556,545,8,b0,87,f1,fe,7f,4d,09,1d,R
1600000000.210241,67d,16,4b,48,97,16,ef,4f,64,4d,31,7c,8d,15,fb,2d,00,23,T
1600000000.212427,3f8,16,ff,4c,c9,e5,d4,ed,f8,d7,e0,3b,94,8b,30,bf,b8,77,T
1600000000.214185,545,8,da,eb,e9,58,e4,03,2a,54,R
1600000000.216641,329,32,d0,6f,b1,b0,44,f7,f0,12,b3,25,e8,24,85,b4,b3,fb,35,4a,21,ee,c0,08,62,15,d8,63,05,7b,66,ee,e8,2c,R
1600000000.218387,260,16,8f,64,c0,3c,25,41,11,36,f7,fe,15,be,8c,9c,fd,ee,R
1600000000.220124,164,24,80,65,07,08,5b,aa,f8,74,a2,2f,23,96,27,51,9b,69,8d,47,47,56,d7,be,06,e7,R
1600000000.222559,545,48,3e,56,83,d6,25,c6,f3,b9,58,03,fd,d4,b5,8d,6c,15,03,47,d4,5d,d4,a9,8d,00,11,1f,f2,68,b6,77,6b,af,b8,f7,fc,53,41,f9,70,6a,fd,47,c7,cf,b4,b7,a5,70,R
1600000000.224507,316,8,9f,90,88,53,b8,7c,f4,37,R
1600000000.224939,5f0,12,7b,46,90,36,41,2a,c6,03,20,89,c1,c3,R
1600000000.225343,545,12,ea,2d,30,c3,99,2f,99,f7,3c,16,d2,6d,R
1600000000.227465,002,64,d3,21,82,3c,55,c6,89,7a,37,ab,7a,cf,ce,6f,bf,ac,78,53,6b,04,10,23,50,63,21,f7,06,40,20,d4,72,fb,6a,fc,9e,8b,34,08,f7,02,1f,38,f6,4d,20,86,eb,7e,dc,53,b0,97,08,c5,50,29,07,95,a5,33,26,55,0f,ee,R
1600000000.228339,260,32,dd,5b,fc,b1,39,6a,b8,65,13,8c,5c,75,25,9f,9f,43,6c,11,74,a6,62,d5,95,c3,0f,b2,ce,a9,78,0d,93,f9,R
1600000000.230170,545,32,ed,4a,b4,a7,cd,dc,e4,13,0c,61,bc,40,bc,c5,87,1b,41,d4,41,41,9e,61,20,5a,75,2f,c4,3f,d0,64,dc,c8,R
1600000000.230817,536,16,39,3c,34,f8,d4,ba,f3,41,ea,0b,b1,ab,ed,42,97,0b,T
1600000000.232985,4e6,8,67,ce,52,0b,f5,43,28,cd,T
1600000000.234905,0eb,8,97,44,31,ba,6d,f7,7f,fe,T
1600000000.236642,329,12,b7,60,e8,ec,12,cb,7b,57,c7,9e,9e,da,R
1600000000.239633,002,64,e2,ff,f5,43,aa,2b,9f,da,95,19,2f,ff,87,03,d8,81,9f,de,75,6e,4f,7d,ec,7a,97,28,a4,a8,63,55,7d,a5,d1,ce,b5,eb,79,0e,2f,e3,18,ba,06,44,99,3c,f0,08,e6,d6,7d,8a,5c,06,d3,15,b2,48,3e,78,9e,56,2d,2d,R
1600000000.242440,260,16,17,4c,8c,dc,f9,97,1f,0a,a7,e6,b5,fa,f0,be,c5,cf,R
1600000000.245179,316,12,97,03,a1,ab,fa,8a,5c,3d,c1,51,d9,8c,R
1600000000.246311,5f0,24,18,54,3b,44,1f,a5,a9,ef,86,c7,f1,9b,7e,d9,4e,75,20,45,8e,13,63,86,cf,f0,R
1600000000.248337,4d8,48,d4,7c,aa,7b,fd,8f,d1,0e,92,d2,fa,3b,e6,24,c2,18,65,34,0c,fc,be,11,01,c2,71,38,54,8e,10,82,95,8c,96,5d,22,08,02,b3,24,c7,ca,d7,3d,e8,1c,38,4b,bd,T
1600000000.248841,002,8,9f,59,69,8a,ad,75,ee,57,R
1600000000.249164,329,24,9e,72,be,3a,17,72,a7,c7,9b,85,24,49,5d,6c,11,18,b4,40,98,cd,e1,44,df,dc,R
1600000000.250737,18f,16,78,99,0b,d9,d8,c5,17,60,6d,db,69,0b,f0,b2,ae,12,R
1600000000.252842,260,64,3f,9d,ca,51,f2,80,4b,ec,4d,b6,7c,a5,d8,9e,c1,02,1a,89,31,b5,4d,b4,6d,59,05,d2,1b,5b,eb,6f,3d,55,5c,ea,42,c5,ab,73,24,30,f9,07,ff,11,6b,13,c4,99,e7,2b,95,f8,1b,e8,fe,1a,25,4d,ea,2f,be,70,e1,41,R
1600000000.255295,0d5,32,ad,bc,8d,9d,38,b1,a8,4c,a3,fd,07,5c,10,aa,03,89,a0,f7,5c,4a,fa,a9,a6,aa,20,02,64,95,a7,bb,01,4a,T
1600000000.256614,260,12,97,52,d7,5e,de,bc,c2,15,d6,da,72,ab,R
1600000000.258740,43f,32,3e,ac,04,60,8f,72,51,5b,2b,ef,f6,61,29,ac,63,ff,a4,85,74,06,ba,d6,f5,8f,ff,4e,66,ea,b5,ee,f7,6c,R
1600000000.258992,18f,16,9c,9c,a4,ec,ad,34,07,83,a2,5e,48,9c,05,9d,ca,d4,R
1600000000.260141,545,16,5f,7c,4d,34,07,59,89,c8,4d,9b,48,ec,f1,d2,b5,10,R
1600000000.262832,7de,64,75,a8,2a,c2,59,0f,43,df,77,ed,88,37,88,fb,47,e7,2b,af,28,8a,89,58,0f,2b,80,53,ae,3b,35,0e,0c,fa,f0,ed,2e,1a,3a,be,74,34,8f,dd,dc,ca,da,37,f2,b2,b3,12,9a,3f,ba,c9,eb,c5,7b,c8,7c,6a,9e,82,2b,44,T
1600000000.264422,423,64,9b,b8,ef,bc,af,2a,d8,78,63,6f,d8,99,f2,48,10,ac,cf,22,d9,06,26,ce,43,e6,88,92,b9,47,30,51,dd,64,ab,26,d5,7b,09,79,92,57,47,98,27,81,ae,0b,0c,3b,86,66,ce,c8,1c,45,9f,aa,ce,b6,92,2f,a5,ae,99,9a,T
1600000000.267288,4b1,8,c1,72,62,e2,ac,ce,cf,a0,R
1600000000.270191,002,8,b9,41,d7,9e,9c,8e,ed,82,R
1600000000.271109,5f0,64,51,16,02,47,55,11,99,8c,3c,62,62,8d,20,52,99,1b,93,38,2d,72,11,77,c7,65,e2,50,45,9e,ea,fa,23,ff,eb,76,50,da,35,38,ee,ea,08,0d,fc,21,73,90,34,9d,34,c3,e2,18,41,5a,55,2f,de,5c,74,13,42,af,e1,73,R
1600000000.272826,316,8,99,d9,21,d3,c4,d0,11,d6,R
1600000000.274734,18f,8,34,da,ba,b1,47,0b,32,de,R
1600000000.276510,4b1,12,7e,d8,2d,e0,3a,ff,bd,20,9b,46,30,92,R
1600000000.278476,18f,8,6f,86,96,8a,2e,88,fe,2f,R
1600000000.278945,18f,8,9a,ec,24,73,f2,6d,00,cf,R
1600000000.281152,316,12,e2,29,31,c4,51,36,e7,9f,5a,6d,c7,22,R
1600000000.282671,18f,16,4d,03,90,55,0f,c3,6d,51,94,85,4f,d8,38,8a,05,14,R
1600000000.283495,002,8,12,87,5a,64,0e,b1,6e,7d,R
1600000000.284021,513,16,7f,69,1d,20,5b,35,dd,b2,e1,00,25,75,0b,b3,23,f8,T
1600000000.285622,2a0,64,ba,82,59,2f,bf,08,03,7e,28,8b,b6,9c,ca,52,9f,6b,f1,3b,69,c2,40,1e,75,b6,82,2b,5f,17,51,94,22,60,33,ce,83,5d,de,17,89,8e,a8,5c,fa,ed,11,ad,83,76,dd,53,84,af,bc,65,b3,f9,53,db,0a,4d,a7,ef,fc,a9,R
1600000000.287210,7cc,48,09,88,3f,c9,ac,a4,61,51,56,67,48,64,b2,25,5d,10,4f,0a,db,3f,7d,3e,bf,d4,b5,1f,0a,95,f1,36,d2,78,d2,dd,c1,f1,e2,86,e3,eb,cd,f5,da,d0,61,14,7a,1a,T
1600000000.289796,7df,48,f2,2c,55,94,b0,03,4d,dc,c3,c4,a6,d2,60,67,c9,81,cb,fa,b8,4e,f9,02,d7,1a,03,9f,b9,4b,42,ea,ec,61,18,ba,20,63,c6,8a,b9,85,62,ca,6b,f2,ad,e0,dd,fa,T
1600000000.290782,545,32,65,4e,de,d6,bd,0a,b4,cc,9b,0d,37,37,f7,44,fd,cc,02,69,6d,f6,df,a2,ca,bc,60,dc,d6,2d,85,e0,5c,f1,R
1600000000.291155,3d9,16,f1,cf,12,4a,48,cd,4e,2b,74,39,23,95,ac,de,96,61,T
1600000000.293757,28a,48,f8,89,5e,bf,80,0f,ce,03,eb,e7,1d,56,57,cf,ea,24,f3,af,b7,20,ea,29,4c,af,9d,a8,65,b3,c7,95,2e,8a,00,90,79,32,df,fa,ff,93,d3,6d,80,60,aa,41,84,db,T
1600000000.294161,2a0,12,d8,d6,37,d1,fd,d9,b4,be,f6,15,11,ff,R
1600000000.294818,3fd,64,d0,77,e4,49,7a,ca,11,5c,3e,92,04,92,83,f3,d6,b1,45,e8,6b,ca,c6,30,b5,8d,1b,f7,e6,ac,e0,62,6c,49,f5,68,77,1a,71,99,25,98,0f,f6,45,75,4e,b4,bf,47,1f,b2,7c,14,5b,a1,d3,f2,12,3a,8c,d7,ed,74,7c,fd,T
1600000000.295747,545,48,31,0f,12,6f,da,da,71,5e,0b,f9,13,e3,62,a5,5c,30,a5,1f,ee,b6,c9,2a,c4,21,06,68,5f,b8,5f,b0,ce,7d,cb,7f,6d,d4,aa,e6,f7,da,cb,1a,90,ce,8f,6c,e2,11,R
1600000000.297001,316,48,a6,93,30,f6,fe,0f,ab,cb,22,3b,ef,f2,6c,27,2b,d0,0a,ef,4f,5d,0d,8c,67,a8,7d,4e,04,36,f5,b7,35,64,ba,cc,5e,a7,b0,eb,53,2a,44,75,34,11,5e,a7,06,47,R
1600000000.298033,18f,16,01,de,8f,c8,d8,93,a7,8a,fa,b0,fd,9b,44,2e,ae,a8,R
1600000000.300318,316,8,67,a8,38,00,82,f8,8d,30,R
1600000000.301903,3ba,16,98,db,cb,35,52,14,48,3d,1a,c3,5e,87,d8,5b,ee,53,T
1600000000.304640,2a0,8,45,69,24,b9,d2,be,05,6c,R
1600000000.305130,545,48,73,6a,d9,36,21,48,58,c7,3b,1b,28,8b,c0,c3,0f,6f,3c,c7,6f,9a,d2,87,04,85,85,ae,10,ac,b7,1c,d8,cf,52,c3,08,18,86,48,49,3c,2a,3c,90,5c,6b,21,46,7f,R
1600000000.305819,4b1,32,49,39,ec,12,44,66,70,25,af,91,c1,c0,83,94,36,ff,af,ff,26,38,95,42,68,d2,26,47,15,de,12,07,34,47,R
1600000000.307581,3ed,16,e4,79,16,e2,51,4d,65,0f,03,dc,52,51,03,3e,50,7e,T
1600000000.309765,545,8,2a,d2,f0,47,df,ef,6f,f2,R
1600000000.310565,545,16,88,22,47,5e,f5,32,2e,54,75,b7,65,58,5d,98,ab,74,R
1600000000.310805,316,64,98,97,d1,29,b3,55,e9,bf,1e,73,c4,fb,6f,6d,31,0c,83,2f,5e,a1,7c,70,bd,d5,19,3f,91,af,33,a0,51,5f,00,2c,5f,4e,51,83,c5,89,ac,35,02,6a,f1,13,12,f4,ee,20,3e,24,b0,1b,1c,ed,38,dc,98,23,1d,c9,40,6e,R
1600000000.312504,18f,8,11,2c,d4,e5,a2,a8,0f,7a,R
