Timestamp,CAN ID,DLC,DATA[0],DATA[1],DATA[2],DATA[3],DATA[4],DATA[5],DATA[6],DATA[7],Flag
1478198376.391459,0000,8,00,00,00,00,00,00,00,00,T
1478198376.393408,018f,5,c1,52,d0,bf,cd,R
1478198376.395405,0000,8,00,00,00,00,00,00,00,00,T
1478198376.397627,0000,8,00,00,00,00,00,00,00,00,T
1478198376.400010,0002,6,60,4c,09,33,d0,42,R
1478198376.400440,05f0,5,26,c8,2d,9c,b2,R
1478198376.401022,0000,8,00,00,00,00,00,00,00,00,T
1478198376.403231,0316,2,ac,66,R
1478198376.405372,0260,5,e3,6f,13,1e,bd,R
1478198376.406570,018f,6,b4,6f,15,2d,77,b8,R
1478198376.407849,04b1,2,1c,41,R
1478198376.408388,0350,8,84,31,0f,72,3b,f8,67,be,R
1478198376.408836,0153,8,f3,0e,ee,81,a9,fa,c8,9a,R
1478198376.410192,043f,8,32,9e,40,5e,25,6d,81,9b,R
1478198376.410536,0000,8,00,00,00,00,00,00,00,00,T
1478198376.410956,0510,6,7e,20,66,ef,ce,3e,R
1478198376.412215,0000,8,00,00,00,00,00,00,00,00,T
1478198376.413181,0316,6,21,20,e7,7b,67,e2,R
1478198376.413724,0545,8,99,e5,26,f7,3c,83,93,d2,R
1478198376.416141,0260,2,40,f1,R
1478198376.417547,043f,8,31,bb,f7,f0,55,50,63,4d,R
1478198376.418391,05f0,6,01,3c,e7,9b,81,be,R
1478198376.418775,0000,8,00,00,00,00,00,00,00,00,T
1478198376.419692,0002,8,cc,92,56,70,09,89,c9,b4,R
1478198376.420968,0164,2,67,d8,R
1478198376.423047,0002,8,7c,ce,e3,20,02,e5,34,f1,R
1478198376.423462,0000,8,00,00,00,00,00,00,00,00,T
1478198376.425679,0153,6,5e,b1,67,23,99,2f,R
1478198376.425955,0000,8,00,00,00,00,00,00,00,00,T
1478198376.428044,043f,8,56,a7,97,37,f6,95,ce,c4,R
1478198376.428853,0000,8,00,00,00,00,00,00,00,00,T
1478198376.429121,04b1,5,3c,34,a3,fc,0a,R
1478198376.429880,0153,8,ad,2b,69,e1,0c,fa,a3,d3,R
1478198376.432160,0000,8,00,00,00,00,00,00,00,00,T
1478198376.433515,02a0,8,e3,36,8e,f2,53,8b,53,36,R
1478198376.434619,04b1,5,93,44,b4,97,90,R
1478198376.436899,0316,8,87,e4,02,32,cd,26,6d,f2,R
1478198376.438764,018f,8,0a,e3,ce,e6,75,f4,d2,16,R
1478198376.440759,05f0,2,d5,fc,R
1478198376.441631,0153,8,f8,e4,ad,83,13,55,62,27,R
1478198376.443421,0000,8,00,00,00,00,00,00,00,00,T
1478198376.444229,0350,8,f3,af,30,5d,c7,b6,1e,25,R
1478198376.444592,0000,8,00,00,00,00,00,00,00,00,T
1478198376.447031,02a0,8,a2,9a,dc,44,28,84,b3,0a,R
1478198376.448925,0164,8,e0,e1,4e,ee,eb,eb,48,61,R
1478198376.449395,0000,8,00,00,00,00,00,00,00,00,T
1478198376.450271,0000,8,00,00,00,00,00,00,00,00,T
1478198376.450973,0510,6,8e,6b,d7,38,22,f9,R
1478198376.453095,043f,2,a4,0a,R
1478198376.454613,0260,5,06,47,f0,e4,e6,R
1478198376.455986,0153,2,36,0a,R
1478198376.458036,0153,8,36,5c,5c,f6,ae,f7,99,8d,R
1478198376.459869,0000,8,00,00,00,00,00,00,00,00,T
1478198376.460496,0153,8,6e,bf,a1,e6,3c,50,09,44,R
1478198376.461046,0002,8,6e,e0,16,24,b7,2d,5e,8d,R
1478198376.463161,0350,5,af,3f,f3,2b,84,R
1478198376.465315,0164,8,39,d2,cd,91,75,99,41,67,R
1478198376.465670,0000,8,00,00,00,00,00,00,00,00,T
1478198376.466568,0329,2,25,9b,R
1478198376.466836,0164,2,7d,b6,R
1478198376.467526,02a0,8,19,b2,fe,a8,a5,00,48,33,R
1478198376.468459,0000,8,00,00,00,00,00,00,00,00,T
1478198376.470754,043f,2,85,bb,R
1478198376.473001,0316,2,61,4a,R
1478198376.473936,0000,8,00,00,00,00,00,00,00,00,T
1478198376.476218,0510,5,d6,da,77,f4,de,R
1478198376.478055,0000,8,00,00,00,00,00,00,00,00,T
1478198376.478565,0545,8,87,ef,92,1f,d4,31,fc,84,R
1478198376.479579,0545,5,71,da,b2,79,68,R
1478198376.479782,0000,8,00,00,00,00,00,00,00,00,T
1478198376.480532,0000,8,00,00,00,00,00,00,00,00,T
1478198376.482604,0002,2,e6,8e,R
1478198376.482970,0545,2,65,8f,R
1478198376.484838,0000,8,00,00,00,00,00,00,00,00,T
1478198376.486223,0000,8,00,00,00,00,00,00,00,00,T
1478198376.486488,0000,8,00,00,00,00,00,00,00,00,T
1478198376.488879,0260,5,6f,bd,99,15,e9,R
1478198376.491361,0000,8,00,00,00,00,00,00,00,00,T
1478198376.493750,0260,8,c8,8f,de,cb,76,3c,e0,a2,R
1478198376.495016,0545,5,2d,71,18,a7,41,R
1478198376.496801,0000,8,00,00,00,00,00,00,00,00,T
1478198376.499016,0510,6,7d,a6,fe,6f,13,1d,R
1478198376.500407,0316,8,3f,2f,e1,82,70,78,43,38,R
1478198376.501530,04b1,5,e2,b8,6c,57,52,R
1478198376.502481,0329,8,40,5c,af,a7,3d,30,cc,10,R
1478198376.503776,0000,8,00,00,00,00,00,00,00,00,T
1478198376.505059,0000,8,00,00,00,00,00,00,00,00,T
1478198376.506891,0002,8,27,73,8e,28,e5,1f,44,be,R
1478198376.508937,0510,2,ec,30,R
1478198376.510334,018f,6,a1,85,46,cb,bd,b9,R
1478198376.511616,0164,8,d6,f2,19,24,64,89,99,f6,R
1478198376.514084,0000,8,00,00,00,00,00,00,00,00,T
1478198376.514929,0260,2,d5,f0,R
1478198376.515503,04b1,8,23,e6,3b,c6,c5,0b,24,ea,R
1478198376.516273,0164,5,bc,de,1d,93,97,R
1478198376.517262,018f,8,22,d9,46,02,4f,62,40,f9,R
1478198376.518836,0545,5,9a,ff,65,49,2e,R
1478198376.519567,0000,8,00,00,00,00,00,00,00,00,T
1478198376.521183,05f0,8,10,80,24,e2,6b,29,3e,86,R
1478198376.522093,0510,8,6c,33,76,82,39,ad,61,80,R
1478198376.522772,0000,8,00,00,00,00,00,00,00,00,T
1478198376.523974,0316,6,87,90,5b,5f,c8,e4,R
1478198376.524958,0000,8,00,00,00,00,00,00,00,00,T
1478198376.525349,0000,8,00,00,00,00,00,00,00,00,T
1478198376.526936,04b1,8,1e,58,7b,7c,9e,73,a9,98,R
1478198376.528590,0000,8,00,00,00,00,00,00,00,00,T
1478198376.528832,0000,8,00,00,00,00,00,00,00,00,T
1478198376.529367,0000,8,00,00,00,00,00,00,00,00,T
1478198376.531391,018f,8,1c,26,73,ee,45,be,67,67,R
1478198376.533627,0510,6,69,be,4c,81,66,11,R
1478198376.535942,0000,8,00,00,00,00,00,00,00,00,T
1478198376.538310,0000,8,00,00,00,00,00,00,00,00,T
1478198376.540000,0000,8,00,00,00,00,00,00,00,00,T
1478198376.540215,0316,6,17,53,1a,fd,93,3c,R
1478198376.542704,0000,8,00,00,00,00,00,00,00,00,T
1478198376.544566,0545,8,9c,74,f9,41,33,bf,1b,d8,R
1478198376.545087,0350,5,3c,39,08,62,53,R
1478198376.546605,0000,8,00,00,00,00,00,00,00,00,T
1478198376.548614,0000,8,00,00,00,00,00,00,00,00,T
1478198376.550899,0350,8,e7,b2,45,c9,0f,77,34,88,R
1478198376.551384,0316,8,09,91,24,50,1d,06,f5,e7,R
1478198376.552870,0000,8,00,00,00,00,00,00,00,00,T
1478198376.555018,0000,8,00,00,00,00,00,00,00,00,T
1478198376.556615,0000,8,00,00,00,00,00,00,00,00,T
1478198376.558308,0316,2,b2,56,R
1478198376.559321,043f,8,0d,ea,17,d2,59,34,18,40,R
1478198376.560281,0164,6,a0,28,3f,50,cc,89,R
1478198376.562579,0545,8,6f,38,ae,d9,05,0e,37,e3,R
1478198376.564450,04b1,8,d0,c8,b7,06,9f,8f,28,1e,R
1478198376.565873,018f,8,53,2d,8f,fb,55,c7,9c,a6,R
1478198376.566109,0000,8,00,00,00,00,00,00,00,00,T
1478198376.567288,0329,8,1a,a5,f2,24,1b,98,45,b5,R
1478198376.569367,0350,6,26,55,c6,5d,05,e4,R
1478198376.571762,0329,2,2b,58,R
1478198376.573430,0153,8,9d,5b,6d,52,a2,fe,86,e9,R
1478198376.575566,0510,8,03,a3,e7,78,4f,fb,e1,a4,R
1478198376.577471,0329,8,7e,31,4c,02,64,78,bc,88,R
1478198376.579121,05f0,8,ed,55,d9,27,81,bc,0a,7f,R
1478198376.580965,0000,8,00,00,00,00,00,00,00,00,T
1478198376.582215,0000,8,00,00,00,00,00,00,00,00,T
1478198376.583180,0000,8,00,00,00,00,00,00,00,00,T
1478198376.585334,0260,2,05,46,R
1478198376.586934,018f,2,51,f1,R
1478198376.587948,043f,8,13,75,1a,51,ac,c2,f0,ee,R
1478198376.589497,018f,8,41,0c,0c,f1,7a,7f,24,b0,R
1478198376.591180,02a0,8,eb,5d,63,c3,ea,84,da,ad,R
1478198376.593173,0545,6,11,60,00,5b,f5,af,R
1478198376.593413,018f,5,1f,22,85,ea,49,R
1478198376.593793,0000,8,00,00,00,00,00,00,00,00,T
1478198376.594295,0000,8,00,00,00,00,00,00,00,00,T
1478198376.595735,0164,8,d9,18,f1,8b,65,f6,7f,fe,R
1478198376.598227,0329,5,28,59,5f,da,02,R
1478198376.598581,0350,8,2a,cb,e3,23,22,cb,7b,07,R
1478198376.600354,05f0,5,4a,90,80,c6,ac,R
1478198376.601360,0000,8,00,00,00,00,00,00,00,00,T
1478198376.603135,0260,2,9d,8e,R
1478198376.604183,0000,8,00,00,00,00,00,00,00,00,T
1478198376.605988,04b1,5,9e,b3,a6,d5,e1,R
1478198376.606696,0164,6,f8,11,a5,f0,3c,64,R
1478198376.608388,0000,8,00,00,00,00,00,00,00,00,T
1478198376.609186,0164,8,0f,2a,01,54,a9,f9,8a,66,R
1478198376.610573,0329,8,df,0c,70,a8,bb,0a,26,4e,R
1478198376.611170,0153,6,71,eb,0e,1f,de,1a,R
1478198376.611703,0000,8,00,00,00,00,00,00,00,00,T
1478198376.614177,0000,8,00,00,00,00,00,00,00,00,T
1478198376.615483,0510,5,99,69,c4,4a,6a,R
1478198376.616331,0350,8,d6,46,1a,bf,35,b4,8b,9d,R
1478198376.617372,018f,8,9d,9e,bd,c0,1d,30,1f,66,R
1478198376.618547,0260,8,7b,eb,04,4c,b6,1e,95,0c,R
1478198376.620008,0260,5,3d,7c,90,42,76,R
1478198376.622410,0000,8,00,00,00,00,00,00,00,00,T
1478198376.623429,0153,8,24,b6,fa,68,ef,fb,a8,a6,R
1478198376.625869,043f,2,86,31,R
1478198376.627073,0545,8,bc,e0,12,67,2f,42,09,50,R
1478198376.628010,0000,8,00,00,00,00,00,00,00,00,T
1478198376.630209,0164,6,47,1a,5c,88,ca,ea,R
1478198376.631937,0000,8,00,00,00,00,00,00,00,00,T
1478198376.633309,0000,8,00,00,00,00,00,00,00,00,T
1478198376.635049,0000,8,00,00,00,00,00,00,00,00,T
1478198376.635520,02a0,8,c3,55,57,64,07,57,73,15,R
1478198376.637724,02a0,2,b6,97,R
1478198376.638417,05f0,2,12,03,R
1478198376.638790,018f,8,14,53,c0,39,b6,e2,55,31,R
1478198376.640443,043f,6,a6,bf,7d,ac,b5,36,R
1478198376.641751,0510,2,42,6f,R
1478198376.642566,0000,8,00,00,00,00,00,00,00,00,T
1478198376.644521,04b1,2,ce,32,R
1478198376.645409,0000,8,00,00,00,00,00,00,00,00,T
1478198376.646847,0000,8,00,00,00,00,00,00,00,00,T
1478198376.648910,0000,8,00,00,00,00,00,00,00,00,T
1478198376.649952,0000,8,00,00,00,00,00,00,00,00,T
1478198376.651640,0000,8,00,00,00,00,00,00,00,00,T
1478198376.651905,0002,2,ef,82,R
1478198376.654276,043f,5,4d,c4,29,77,a5,R
1478198376.655438,0002,8,a0,f7,2f,0d,65,81,ae,9c,R
1478198376.657485,0000,8,00,00,00,00,00,00,00,00,T
1478198376.658319,0316,5,7a,a9,f1,cc,e6,R
1478198376.660792,0350,8,29,af,6e,b5,d6,24,22,16,R
1478198376.661081,02a0,2,48,b8,R
1478198376.662257,0000,8,00,00,00,00,00,00,00,00,T
1478198376.662797,043f,8,51,48,85,08,c3,4f,fe,8a,R
1478198376.663881,043f,6,1c,17,3a,95,c6,af,R
1478198376.665592,043f,5,6a,b1,4a,46,35,R
1478198376.667457,0000,8,00,00,00,00,00,00,00,00,T
1478198376.669228,0000,8,00,00,00,00,00,00,00,00,T
1478198376.671048,0000,8,00,00,00,00,00,00,00,00,T
1478198376.672404,0329,8,64,ad,43,ae,44,b0,ae,d0,R
1478198376.674745,05f0,8,31,73,67,11,f0,85,85,33,R
1478198376.675438,0510,2,a4,95,R
1478198376.676743,0000,8,00,00,00,00,00,00,00,00,T
1478198376.678716,0000,8,00,00,00,00,00,00,00,00,T
1478198376.679688,05f0,6,53,58,f4,70,e1,9b,R
1478198376.680928,0000,8,00,00,00,00,00,00,00,00,T
1478198376.683150,0000,8,00,00,00,00,00,00,00,00,T
1478198376.684583,0000,8,00,00,00,00,00,00,00,00,T
1478198376.685158,0000,8,00,00,00,00,00,00,00,00,T
1478198376.687124,0000,8,00,00,00,00,00,00,00,00,T
1478198376.689256,0153,6,99,62,fd,fa,98,e7,R
1478198376.691124,0545,2,6e,aa,R
1478198376.691356,0000,8,00,00,00,00,00,00,00,00,T
